<?xml version="1.0" encoding="UTF-8"?>
<project-private xmlns="http://www.netbeans.org/ns/project-private/1">
    <editor-bookmarks xmlns="http://www.netbeans.org/ns/editor-bookmarks/2" lastBookmarkId="1">
        <file>
            <url>src/utilscontroller/Utils.java</url>
            <bookmark id="1">
                <name/>
                <line>545</line>
                <key/>
            </bookmark>
        </file>
    </editor-bookmarks>
    <open-files xmlns="http://www.netbeans.org/ns/projectui-open-files/2">
        <group name="Proves MP3 DAM">
            <file>file:/home/profe/MEGA/Dropbox/NetBeansProjects/2018-2019/DAM/Proves/MP3/MVCLibrary/src/utilscontroller/Utils.java</file>
        </group>
        <group name="Proves MP3">
            <file>file:/home/profe/Dropbox/NetBeansProjects/2018-2019/DAM/MP3/UF5/MVCLibrary/src/utilscontroller/ModelCanvisBD.java</file>
            <file>file:/home/profe/Dropbox/NetBeansProjects/2018-2019/DAM/MP3/UF5/MVCLibrary/src/utilscontroller/Utils.java</file>
        </group>
        <group name="MP3UF5">
            <file>file:/home/profe/Dropbox/NetBeansProjects/2018-2019/DAM/MP3/UF5/MVCLibrary/src/utilscontroller/ModelCanvisBD.java</file>
            <file>file:/home/profe/Dropbox/NetBeansProjects/2018-2019/DAM/MP3/UF5/MVCLibrary/src/utilscontroller/Utils.java</file>
        </group>
        <group name="DAM-MP3-UF5 compartit">
            <file>file:/home/profe/Dropbox/NetBeansProjects/2019-2020/DAM/MP3/UF5/MVCLibrary/src/utilscontroller/Utils.java</file>
            <file>file:/home/profe/Dropbox/NetBeansProjects/2019-2020/DAM/MP3/UF5/MVCLibrary/src/utilscontroller/ModelCanvisBD.java</file>
        </group>
        <group name="DAM-PROVES">
            <file>file:/home/profe/Dropbox/NetBeansProjects/2019-2020/DAM/MP3/UF5/MVCLibrary/src/utilscontroller/Utils.java</file>
            <file>file:/home/profe/Dropbox/NetBeansProjects/2019-2020/DAM/MP3/UF5/MVCLibrary/src/utilscontroller/ModelCanvisBD.java</file>
        </group>
        <group name="2nDAM-MP3-UF5">
            <file>file:/home/profe/MEGAsync/NetBeansProjects/2020-2021/DAM/MP3/UF5/MVCLibrary/src/utilscontroller/ModelCanvisBD.java</file>
            <file>file:/home/profe/MEGAsync/NetBeansProjects/2020-2021/DAM/MP3/UF5/MVCLibrary/src/utilscontroller/Utils.java</file>
        </group>
        <group name="Programacio2nDAM-github">
            <file>file:/home/profe/MEGAsync/NetBeansProjects/2020-2021/DAM/Programacio2nDAM/MVCLibrary/src/utilscontroller/Utils.java</file>
        </group>
        <group>
            <file>file:/home/davidmarsal/Descargas/Programacio2nDAM-master%20(4)/Programacio2nDAM-master/MVCLibrary/src/utilscontroller/Utils.java</file>
        </group>
    </open-files>
</project-private>
